{
  "datetime_transaction": {
    "x1": 0.06464646464646465,
    "y1": 0.06523407521105141,
    "x2": 0.4303030303030303,
    "y2": 0.1488871834228703
  },
  "account_name": {
    "x1": 0.2515151515151515,
    "y1": 0.42133537989255565,
    "x2": 0.7686868686868686,
    "y2": 0.513430544896393
  },
  "destination account": {
    "x1": 0.25353535353535356,
    "y1": 0.47889485801995396,
    "x2": 0.8010101010101011,
    "y2": 0.5602455871066769
  },
  "account_number": {
    "x1": 0.25656565656565655,
    "y1": 0.5372217958557176,
    "x2": 0.7747474747474747,
    "y2": 0.6062931696085956
  },
  "transaction_id": {
    "x1": 0.048484848484848485,
    "y1": 0.6983883346124329,
    "x2": 0.593939393939394,
    "y2": 0.762854950115119
  },
  "amount": {
    "x1": 0.048484848484848485,
    "y1": 0.7889485801995395,
    "x2": 0.5878787878787879,
    "y2": 0.8626247122026094
  },
  "fee": {
    "x1": 0.050505050505050504,
    "y1": 0.8925556408288565,
    "x2": 0.5808080808080808,
    "y2": 0.9577897160399079
  }
}