{
  "datetime_transaction": {
    "x1": 0.0595959595959596,
    "y1": 0.0831353919239905,
    "x2": 0.47878787878787876,
    "y2": 0.13618368962787014
  },
  "account_name": {
    "x1": 0.2585858585858586,
    "y1": 0.44972288202692,
    "x2": 0.8676767676767677,
    "y2": 0.5186064924782264
  },
  "destination account": {
    "x1": 0.2585858585858586,
    "y1": 0.5067300079176563,
    "x2": 0.8181818181818182,
    "y2": 0.5708630245447348
  },
  "account_number": {
    "x1": 0.2595959595959596,
    "y1": 0.5676959619952494,
    "x2": 0.8131313131313131,
    "y2": 0.6199524940617577
  },
  "transaction_id": {
    "x1": 0.050505050505050504,
    "y1": 0.6983372921615202,
    "x2": 0.5797979797979798,
    "y2": 0.7450514647664291
  },
  "amount": {
    "x1": 0.051515151515151514,
    "y1": 0.7933491686460807,
    "x2": 0.5787878787878787,
    "y2": 0.8487727632620744
  },
  "fee": {
    "x1": 0.052525252525252523,
    "y1": 0.894695170229612,
    "x2": 0.5787878787878787,
    "y2": 0.9469517022961204
  }
}